slug,name,type,tag,featured,categorySlug,originCountry,brandName,partnerName,moq,subtitle_vi,subtitle_en,inci_vi,inci_en,suggestedDosage_vi,suggestedDosage_en,description_vi,description_en,benefits_vi,benefits_en,applications_vi,applications_en,badges,specs_json,tech_casNumber,tech_hsCode,tech_eNumber,tech_assay_vi,tech_assay_en,tech_standardization_vi,tech_standardization_en,tech_appearance_vi,tech_appearance_en,tech_solubility_vi,tech_solubility_en,tech_particleSize,tech_shelfLife_vi,tech_shelfLife_en,tech_storage_vi,tech_storage_en,tech_packaging_vi,tech_packaging_en,tech_leadTime_vi,tech_leadTime_en,tech_incompatibility_vi,tech_incompatibility_en,reg_status,reg_registrationNo,reg_usageLimit_vi,reg_usageLimit_en,research_mechanism_vi,research_mechanism_en
vivomega-1050-tg60-nauy,VivoMega™ 1050 TG60 - Nauy,supplement,TRENDING,true,,NO,VivoMega (GC Rieber VivoMega),,190 kg (1 phuy); có thể pack lẻ < 100 kg khi có sẵn kho,"Cô đặc dầu cá giàu DHA ở dạng Triglyceride (TG), tối thiểu 60% TG — nhập khẩu chính hãng từ Na Uy","High-DHA fish oil concentrate in natural triglyceride (TG) form, min. 60% TG — imported from Norway","Dầu cá tinh chế cô đặc (Fish Oil) — CAS 8016-13-5, EC 232-402-9","Refined concentrated Fish Oil — CAS 8016-13-5, EC 232-402-9",Tuỳ công thức nhà sản xuất; chuẩn hoá DHA tối thiểu 500 mg/g dầu (dạng TG),Depends on the manufacturer's formulation; standardized to min. 500 mg/g DHA (TG form),"VivoMega™ 1050 TG60 là chế phẩm cô đặc dầu cá giàu DHA ở dạng triglyceride (TG) tự nhiên — dạng có sinh khả dụng tốt — do GC Rieber VivoMega AS (Na Uy) sản xuất từ dầu cá đạt chuẩn dùng cho người. Sản phẩm đạt tối thiểu 60% triglyceride, DHA ≥ 50 area% (≥ 500 mg/g) và tổng omega-3 ≥ 67 area%.

Dầu được bổ sung 3,0–4,0 mg/g hỗn hợp tocopherol (E306) không biến đổi gen (non-GMO) làm chất chống oxy hoá tự nhiên, giúp giữ độ tươi và giảm mùi tanh; các chỉ số oxy hoá ở mức thấp (Totox ≤ 10, Peroxide ≤ 2,0, Anisidine ≤ 8). Độ tinh khiết cao: kim loại nặng, dioxin, PCB và PAH đều nằm sâu dưới ngưỡng quy định của EU.

Sản phẩm đóng trong phuy thép kín, sục khí nitơ bảo vệ; giao trên pallet xử lý nhiệt đạt chuẩn ISPM 15. Hạn dùng 3 năm kể từ ngày sản xuất. Đã có Bản tự công bố sản phẩm tại Việt Nam.","VivoMega™ 1050 TG60 is a high-DHA fish oil concentrate in natural triglyceride (TG) form — the well-absorbed form — manufactured by GC Rieber VivoMega AS (Norway) from human-consumption-approved fish oil. It delivers a minimum of 60% triglycerides, DHA ≥ 50 area% (≥ 500 mg/g) and total omega-3 ≥ 67 area%.

The oil is stabilized with 3.0–4.0 mg/g of non-GMO mixed tocopherols (E306) as a natural antioxidant, keeping it fresh with low oxidation markers (Totox ≤ 10, Peroxide ≤ 2.0, Anisidine ≤ 8). Purity is high — heavy metals, dioxins, PCBs and PAHs all sit well below EU limits.

It is packed in sealed steel drums under a nitrogen blanket and shipped on ISPM 15 heat-treated pallets. Shelf life is 3 years from production. A Vietnamese product self-declaration is already in place.","DHA cao (≥ 50 area%, ≥ 500 mg/g) ở dạng triglyceride dễ hấp thu | Tối thiểu 60% triglyceride — sinh khả dụng cao | Tổng omega-3 ≥ 67% | Chỉ số oxy hoá thấp (Totox ≤ 10) — tươi, ít tanh | Bổ sung tocopherol non-GMO chống oxy hoá tự nhiên | Độ tinh khiết cao, đạt các ngưỡng an toàn của EU | Sản xuất từ dầu cá đạt chuẩn dùng cho người | Phuy thép sục khí nitơ giữ độ tươi","High DHA (≥ 50 area%, ≥ 500 mg/g) in absorbable triglyceride form | Minimum 60% triglycerides — high bioavailability | Total omega-3 ≥ 67% | Low oxidation (Totox ≤ 10) — fresh, low fishy taste | Non-GMO mixed tocopherols as a natural antioxidant | High purity, meeting EU safety limits | Made from human-consumption-approved fish oil | Nitrogen-flushed steel drums preserve freshness","Viên nang mềm (softgel) | Thực phẩm bảo vệ sức khoẻ / TPCN omega-3, DHA | Sản phẩm cho não bộ, thị lực, tim mạch | Công thức DHA cho mẹ và bé | Nhũ tương, dầu uống dạng lỏng","Soft gel capsules (softgels) | Omega-3 / DHA dietary supplements | Brain, eye and cardiovascular products | Maternal & infant DHA formulations | Emulsions and liquid oils",Non-GMO | Dạng Triglyceride (TG) | Made in Norway | EU Compliant,"[{""label"": ""DHA (C22:6n3)"", ""value"": ""≥ 50"", ""unit"": ""area%"", ""display"": ""bar"", ""percent"": 50}, {""label"": ""EPA (C20:5n3)"", ""value"": ""≥ 10"", ""unit"": ""area%"", ""display"": ""bar"", ""percent"": 10}, {""label"": ""Tổng omega-3 / Total omega-3"", ""value"": ""≥ 67"", ""unit"": ""area%"", ""display"": ""bar"", ""percent"": 67}, {""label"": ""Triglyceride (TG)"", ""value"": ""≥ 60"", ""unit"": ""area%"", ""display"": ""bar"", ""percent"": 60}, {""label"": ""DHA (mg/g, TG)"", ""value"": ""≥ 500"", ""unit"": ""mg/g"", ""display"": ""text""}, {""label"": ""EPA (mg/g, TG)"", ""value"": ""≥ 100"", ""unit"": ""mg/g"", ""display"": ""text""}, {""label"": ""Tocopherol bổ sung / Added tocopherols"", ""value"": ""3.0–4.0"", ""unit"": ""mg/g"", ""display"": ""text""}, {""label"": ""Totox"", ""value"": ""≤ 10"", ""unit"": """", ""display"": ""text""}, {""label"": ""Peroxide value (PV)"", ""value"": ""≤ 2.0"", ""unit"": ""mEq/kg"", ""display"": ""text""}, {""label"": ""Anisidine value (AV)"", ""value"": ""≤ 8"", ""unit"": """", ""display"": ""text""}, {""label"": ""Acid value"", ""value"": ""≤ 1.0"", ""unit"": ""mg KOH/g"", ""display"": ""text""}, {""label"": ""Saturated fatty acids"", ""value"": ""≤ 10"", ""unit"": ""area%"", ""display"": ""text""}, {""label"": ""Specific gravity"", ""value"": ""0.93–0.95"", ""unit"": """", ""display"": ""text""}]",8016-13-5,1504.20,E306 (tocopherol bổ sung),DHA ≥ 50 area%; ≥ 60% triglyceride,DHA ≥ 50 area%; ≥ 60% triglycerides,DHA tối thiểu 500 mg/g (dạng TG),Min. 500 mg/g DHA (TG form),"Lỏng, vàng nhạt, mùi cá đặc trưng","Liquid, pale yellow, characteristic fishy odour",Không tan trong nước,Insoluble in water,,3 năm (36 tháng) kể từ NSX,3 years (36 months) from production,"15–25°C, khô ráo, tránh ánh sáng, dưới khí nitơ; để ổn định ở 20–25°C ≥ 24h trước khi chế biến","15–25°C, dry, protect from light, under nitrogen; acclimatize at 20–25°C for ≥ 24h before processing",190 kg/phuy thép (khí nitơ); pallet đạt ISPM 15,190 kg/steel drum (nitrogen); ISPM 15 pallets,"Tuỳ thời điểm có sẵn kho; đi biển ~3–4 tháng, đi air ~3–4 tuần","Subject to stock; ~3–4 months by sea, ~3–4 weeks by air","Tránh chất oxy hoá. Nếu bị đục, hâm dầu tới 40°C tới khi hết đục. Lọc qua màng 10 micron trước khi chế biến. Dùng ngay sau khi mở phuy; sục nitơ trước khi đậy lại.","Avoid oxidising agents. If cloudy, warm the oil to 40°C until clear. Filter through a 10-micron filter before processing. Use immediately after opening; flush with nitrogen before resealing.",efsa | vn_moh,55/Công ty Cổ phần Bioscope Việt Nam/2019 (Bản tự công bố),"Đạt QCVN 8-1:2011/BYT, QCVN 8-2:2011/BYT và QĐ 46/2007/QĐ-BYT","Complies with QCVN 8-1:2011/BYT, QCVN 8-2:2011/BYT and Decision 46/2007/QĐ-BYT","DHA và EPA là các acid béo omega-3 chuỗi dài, tham gia cấu tạo màng tế bào (đặc biệt ở não bộ và võng mạc) và là tiền chất của các chất điều hoà phản ứng viêm. Dạng triglyceride (TG) được hấp thu tốt hơn so với dạng ethyl ester.",DHA and EPA are long-chain omega-3 fatty acids that build cell membranes (notably in the brain and retina) and serve as precursors of inflammation-resolving mediators. The triglyceride (TG) form is better absorbed than the ethyl ester form.
